tag_id,name
1,tag_1
2,tag_2
3,tag_3
4,tag_4
5,tag_5
6,tag_6
7,tag_7
8,tag_8
9,tag_9
10,tag_10
11,tag_11
12,tag_12
13,tag_13
14,tag_14
15,tag_15
16,tag_16
17,tag_17
18,tag_18
19,tag_19
20,tag_20
21,tag_21
22,tag_22
23,tag_23
24,tag_24
25,tag_25
26,tag_26
27,tag_27
28,tag_28
29,tag_29
30,tag_30
31,tag_31
32,tag_32
33,tag_33
34,tag_34
35,tag_35
36,tag_36
37,tag_37
38,tag_38
39,tag_39
40,tag_40
41,tag_41
42,tag_42
43,tag_43
44,tag_44
45,tag_45
46,tag_46
47,tag_47
48,tag_48
49,tag_49
50,tag_50
51,tag_51
52,tag_52
53,tag_53
54,tag_54
55,tag_55
56,tag_56
57,tag_57
58,tag_58
59,tag_59
60,tag_60
61,tag_61
62,tag_62
63,tag_63
64,tag_64
65,tag_65
66,tag_66
67,tag_67
68,tag_68
69,tag_69
70,tag_70
71,tag_71
72,tag_72
73,tag_73
74,tag_74
75,tag_75
76,tag_76
77,tag_77
78,tag_78
79,tag_79
80,tag_80
81,tag_81
82,tag_82
83,tag_83
84,tag_84
85,tag_85
86,tag_86
87,tag_87
88,tag_88
89,tag_89
90,tag_90
91,tag_91
92,tag_92
93,tag_93
94,tag_94
95,tag_95
96,tag_96
97,tag_97
98,tag_98
99,tag_99
100,tag_100
