user_id,username,email,role,created_at
1,user001,user001@example.com,author,2023-08-02 00:00:00
2,user002,user002@example.com,author,2020-08-16 00:00:00
3,user003,user003@example.com,author,2020-02-21 00:00:00
4,user004,user004@example.com,author,2021-07-17 00:00:00
5,user005,user005@example.com,author,2021-05-16 00:00:00
6,user006,user006@example.com,author,2021-04-02 00:00:00
7,user007,user007@example.com,author,2020-10-12 00:00:00
8,user008,user008@example.com,author,2020-07-28 00:00:00
9,user009,user009@example.com,author,2023-10-17 00:00:00
10,user010,user010@example.com,author,2023-01-21 00:00:00
11,user011,user011@example.com,author,2020-06-27 00:00:00
12,user012,user012@example.com,author,2023-04-24 00:00:00
13,user013,user013@example.com,author,2022-05-14 00:00:00
14,user014,user014@example.com,author,2020-03-06 00:00:00
15,user015,user015@example.com,author,2020-03-02 00:00:00
16,user016,user016@example.com,author,2020-07-10 00:00:00
17,user017,user017@example.com,author,2021-03-23 00:00:00
18,user018,user018@example.com,author,2021-04-21 00:00:00
19,user019,user019@example.com,author,2022-10-31 00:00:00
20,user020,user020@example.com,author,2023-05-17 00:00:00
21,user021,user021@example.com,author,2020-02-24 00:00:00
22,user022,user022@example.com,author,2023-02-23 00:00:00
23,user023,user023@example.com,author,2021-02-11 00:00:00
24,user024,user024@example.com,author,2024-01-06 00:00:00
25,user025,user025@example.com,author,2023-08-23 00:00:00
26,user026,user026@example.com,author,2023-12-07 00:00:00
27,user027,user027@example.com,author,2023-01-21 00:00:00
28,user028,user028@example.com,author,2022-05-09 00:00:00
29,user029,user029@example.com,author,2021-03-27 00:00:00
30,user030,user030@example.com,author,2022-07-08 00:00:00
31,user031,user031@example.com,author,2023-04-21 00:00:00
32,user032,user032@example.com,author,2021-07-23 00:00:00
33,user033,user033@example.com,author,2020-01-14 00:00:00
34,user034,user034@example.com,author,2020-11-22 00:00:00
35,user035,user035@example.com,author,2023-11-30 00:00:00
36,user036,user036@example.com,author,2022-05-15 00:00:00
37,user037,user037@example.com,author,2021-11-27 00:00:00
38,user038,user038@example.com,author,2021-07-23 00:00:00
39,user039,user039@example.com,author,2020-11-14 00:00:00
40,user040,user040@example.com,author,2021-03-16 00:00:00
41,user041,user041@example.com,author,2021-11-20 00:00:00
42,user042,user042@example.com,author,2020-07-28 00:00:00
43,user043,user043@example.com,author,2020-07-08 00:00:00
44,user044,user044@example.com,author,2022-02-17 00:00:00
45,user045,user045@example.com,author,2020-07-17 00:00:00
46,user046,user046@example.com,author,2022-01-05 00:00:00
47,user047,user047@example.com,author,2021-12-05 00:00:00
48,user048,user048@example.com,author,2023-05-21 00:00:00
49,user049,user049@example.com,author,2021-06-25 00:00:00
50,user050,user050@example.com,author,2020-03-29 00:00:00
51,user051,user051@example.com,editor,2024-02-03 00:00:00
52,user052,user052@example.com,editor,2022-07-29 00:00:00
53,user053,user053@example.com,editor,2023-01-03 00:00:00
54,user054,user054@example.com,editor,2020-09-12 00:00:00
55,user055,user055@example.com,editor,2022-02-14 00:00:00
56,user056,user056@example.com,editor,2020-06-10 00:00:00
57,user057,user057@example.com,editor,2023-02-04 00:00:00
58,user058,user058@example.com,editor,2021-08-23 00:00:00
59,user059,user059@example.com,admin,2023-07-11 00:00:00
60,user060,user060@example.com,admin,2023-06-20 00:00:00
